"GEO.id2","mris_est","ris_moe","med_hh_income_est","med_hh_income_moe","med_rent_est","med_rent_moe","Geography","total_workers_2010","total_workers_moe_2010","mean_travel_time_2010","commute_under10_2010","commute_10to14_2010","commute_15to19_2010","commute_20to24_2010","commute_25to29_2010","commute_30to34_2010","commute_35to44_2010","commute_45to59_2010","commute_60plus_2010","commute_10to14_moe_2010","commute_15to19_moe_2010","commute_20to24_moe_2010","commute_25to29_moe_2010","commute_30to34_moe_2010","commute_35to44_moe_2010","commute_45to59_moe_2010","commute_60plus_moe_2010","commute_30plus_2010","total_workers_2011","total_workers_moe_2011","mean_travel_time_2011","commute_under10_2011","commute_10to14_2011","commute_15to19_2011","commute_20to24_2011","commute_25to29_2011","commute_30to34_2011","commute_35to44_2011","commute_45to59_2011","commute_60plus_2011","commute_10to14_moe_2011","commute_15to19_moe_2011","commute_20to24_moe_2011","commute_25to29_moe_2011","commute_30to34_moe_2011","commute_35to44_moe_2011","commute_45to59_moe_2011","commute_60plus_moe_2011","commute_30plus_2011","total_workers_2012","total_workers_moe_2012","mean_travel_time_2012","commute_under10_2012","commute_10to14_2012","commute_15to19_2012","commute_20to24_2012","commute_25to29_2012","commute_30to34_2012","commute_35to44_2012","commute_45to59_2012","commute_60plus_2012","commute_10to14_moe_2012","commute_15to19_moe_2012","commute_20to24_moe_2012","commute_25to29_moe_2012","commute_30to34_moe_2012","commute_35to44_moe_2012","commute_45to59_moe_2012","commute_60plus_moe_2012","commute_30plus_2012","total_workers_2013","total_workers_moe_2013","mean_travel_time_2013","commute_under10_2013","commute_10to14_2013","commute_15to19_2013","commute_20to24_2013","commute_25to29_2013","commute_30to34_2013","commute_35to44_2013","commute_45to59_2013","commute_60plus_2013","commute_10to14_moe_2013","commute_15to19_moe_2013","commute_20to24_moe_2013","commute_25to29_moe_2013","commute_30to34_moe_2013","commute_35to44_moe_2013","commute_45to59_moe_2013","commute_60plus_moe_2013","commute_30plus_2013","total_workers_2014","total_workers_moe_2014","mean_travel_time_2014","commute_under10_2014","commute_10to14_2014","commute_15to19_2014","commute_20to24_2014","commute_25to29_2014","commute_30to34_2014","commute_35to44_2014","commute_45to59_2014","commute_60plus_2014","commute_10to14_moe_2014","commute_15to19_moe_2014","commute_20to24_moe_2014","commute_25to29_moe_2014","commute_30to34_moe_2014","commute_35to44_moe_2014","commute_45to59_moe_2014","commute_60plus_moe_2014","commute_30plus_2014","housing_units_est_2010","housing_units_moe_2010","housing_units_est_2011","housing_units_moe_2011","housing_units_est_2012","housing_units_moe_2012","housing_units_est_2013","housing_units_moe_2013","housing_units_est_2014","housing_units_moe_2014","GEO.display.label","pop_2010","pop_2011","pop_2012","pop_2013","pop_2014","pop_change_p","pop_change_n","zillow_2010_11","zillow_2010_12","zillow_2011_01","zillow_2011_02","zillow_2011_03","zillow_2011_04","zillow_2011_05","zillow_2011_06","zillow_2011_07","zillow_2011_08","zillow_2011_09","zillow_2011_10","zillow_2011_11","zillow_2011_12","zillow_2012_01","zillow_2012_02","zillow_2012_03","zillow_2012_04","zillow_2012_05","zillow_2012_06","zillow_2012_07","zillow_2012_08","zillow_2012_09","zillow_2012_10","zillow_2012_11","zillow_2012_12","zillow_2013_01","zillow_2013_02","zillow_2013_03","zillow_2013_04","zillow_2013_05","zillow_2013_06","zillow_2013_07","zillow_2013_08","zillow_2013_09","zillow_2013_10","zillow_2013_11","zillow_2013_12","zillow_2014_01","zillow_2014_02","zillow_2014_03","zillow_2014_04","zillow_2014_05","zillow_2014_06","zillow_2014_07","zillow_2014_08","zillow_2014_09","zillow_2014_10","zillow_2014_11","zillow_2014_12","zillow_2015_01","clean_name","workers_housing_ratio_2014","workers_housing_ratio_2013","workers_housing_ratio_2012","workers_housing_ratio_2011","workers_housing_ratio_2010"
605108,31.1,4.6,106287,4356,1588,65,"Belmont city, California",7298,651,NA,3.5,20.8,12,15.4,8.1,9.4,8.6,4.5,7.1,3.3,3,3.8,2.6,2.5,2.7,1.5,2.5,29.6,6999,610,NA,3.3,19.4,12.7,15.5,7.2,9.4,6.1,5.5,9.7,4.2,3.1,3.7,2.8,2.7,2,2,2.9,30.7,7387,609,26.1,3.1,16.6,14.1,17.9,6.4,9,5.3,7.5,10.1,3.5,3.3,3.7,2.3,2.5,1.9,2.4,2.9,31.9,7298,593,NA,2.7,14.4,15.1,14.7,5.4,12.1,4.8,8.6,11.6,3.4,2.8,3.4,1.8,2.5,1.6,2.6,3,37.1,7793,707,NA,3.3,13.3,13.5,14.1,4.6,13.2,6.7,9.7,11.1,2.5,2.8,2.9,1.5,3,2.6,2.7,3.2,40.7,10859,397,10848,374,10842,321,10854,336,10812,369,"Belmont city, California",12236,12300,12143,12315,12421,0.0151193200392285,185,2189,2225,2249,2254,2210,2135,2050,1996,1969,1972,1996,2020,2053,2052,2051,2046,2046,2039,2032,2035,2051,2047,2044,2031,2074,2083,2126,2150,2190,2223,2282,2324,2353,2369,2384,2391,2360,2322,2288,2315,2347,2402,2455,2516,2575,2624,2655,2682,2717,2772,2813,"Belmont",0.720773214946356,0.6723788465082,0.68133185759085,0.645188053097345,0.672069251312276
608310,35,4.8,80233,13725,1482,188,"Brisbane city, California",6658,573,33.7,1.7,8.2,15,14.9,5.5,14.5,8.9,9.5,18,2.1,3.3,3.5,1.6,3.2,2.4,2.5,4.1,50.9,6659,574,NA,2.1,7.5,16.1,13.7,6.1,15.2,7.7,8.6,18.1,2.1,3.1,3.5,1.9,3.6,2.3,2.4,3.4,49.6,6472,550,NA,1.8,8.2,17.1,12.8,6.3,17,7.7,9.7,15,2.3,3.5,3.4,1.8,4,2.3,2.3,3.3,49.4,6208,630,NA,1.9,9,19.4,13.7,7.3,14.7,6.9,8.5,14.5,2.7,4.9,3.2,2.5,3.5,2.1,2.3,3.5,44.6,5966,581,NA,1.5,7.1,20.3,13.3,7.6,15.1,6.6,9.3,15.3,2.2,4,2.7,2.9,3.2,1.9,2.2,3.2,46.3,1788,162,1895,124,1951,113,1981,151,1806,148,"Brisbane city, California",2257,2311,2278,2341,2096,-0.0713336287106779,-161,2220,2243,2277,2287,2291,2277,2273,2295,2330,2383,2431,2465,2480,2478,2481,2476,2462,2448,2439,2424,2435,2464,2505,2515,2526,2545,2576,2630,2683,2725,2732,2725,2700,2674,2658,2678,2713,2743,2784,2810,2843,2880,2929,2964,2982,2986,3003,3034,3072,3106,3110,"Brisbane",3.30343300110742,3.13377082281676,3.31727319323424,3.51398416886544,3.72371364653244
609066,27.8,1.8,90890,5763,1588,64,"Burlingame city, California",22418,1069,26.6,1.8,14,16.8,15.7,6.5,13.4,6.8,8,8.3,1.6,1.9,2.2,1.2,2.1,1.1,1.7,1.3,36.5,22383,1118,26.7,1.8,13.4,17,16.5,6.3,13.9,6.9,6.7,8.4,1.9,2.3,2.3,1.4,1.8,1.1,1.1,1.2,35.9,23380,1034,27.1,1.9,13.4,15.8,17.4,5.7,14.5,7.6,6.2,8.7,1.8,1.8,2.2,1.1,1.8,1.4,1,1.4,37,23339,1016,28.1,1.7,12.6,15.4,17.9,6.1,15.2,7.7,6.5,9.4,1.6,1.6,1.7,1.1,1.7,1.3,1.1,1.4,38.8,23288,1167,28.8,1.5,12.5,14.8,18.2,5.6,15.2,8.2,7.2,9.6,1.5,1.8,1.9,1,1.8,1.4,1.2,1.3,40.2,12347,629,12914,435,13128,460,12837,362,12884,438,"Burlingame city, California",12999,13648,13640,13877,14066,0.0820832371720902,1067,2307,2392,2465,2533,2487,2402,2298,2261,2259,2285,2296,2317,2369,2382,2389,2392,2404,2424,2444,2449,2441,2412,2384,2344,2362,2338,2375,2391,2431,2447,2486,2530,2565,2605,2638,2654,2666,2638,2616,2622,2667,2742,2821,2868,2893,2905,2927,2973,3029,3070,3073,"Burlingame",1.80751319466004,1.81810391836099,1.78092626447288,1.73323524856745,1.81566372398153
610345,28.6,1.3,91269,4759,1573,53,"Campbell city, California",21517,1102,NA,1.8,15.6,18.9,17.2,5.8,12.7,5.6,4.4,7.1,1.8,2,2.1,1.3,2,1.2,1.1,1.3,29.8,22003,1086,NA,1.5,15.2,19.4,15.9,6.6,13.4,5.5,5.3,6.6,1.8,2.3,1.8,1.3,2.2,1,1,1.3,30.8,21609,1105,NA,1.8,15.3,18.7,16.7,7,12.4,4.7,6.3,6.3,2,1.7,1.9,1.6,1.6,1.2,1.3,1.2,29.7,22336,1395,NA,1.6,15.6,18.2,16.5,7,12.3,5.2,6.2,6.6,1.5,1.8,2.1,1.5,1.4,1.2,1.1,1.4,30.3,23434,1185,NA,2,14.3,17.7,16.4,7,13.3,5.1,6.5,7.4,1.5,2.1,1.8,1.1,1.7,1,1.1,1.6,32.3,17058,475,16818,480,16655,477,16616,406,16285,408,"Campbell city, California",20014,19876,20381,20633,20715,0.0350254821624863,701,2041,2067,2069,2061,2056,2052,2044,2057,2083,2122,2150,2173,2186,2183,2181,2189,2200,2211,2228,2240,2251,2255,2265,2293,2326,2345,2353,2358,2356,2352,2358,2359,2357,2357,2374,2392,2413,2428,2460,2501,2548,2604,2654,2679,2697,2714,2736,2744,2755,2782,2820,"Campbell",1.43899293828677,1.34424650938854,1.29744821374962,1.30830063027708,1.26140227459257
617610,23.2,0.9,134872,4809,NA,NA,"Cupertino city, California",32512,1288,27.4,1.3,15.7,14,16.1,6.7,12.9,6.9,9.7,9.1,1.6,1.4,1.7,0.8,1.3,1.1,1.3,1.3,38.6,33718,1349,27.5,1.1,16.1,15.2,15,6.8,13.4,6.6,9,9.5,1.5,1.4,1.4,1.1,1.3,1.1,1,1.1,38.5,35897,1330,27.8,1.2,14.7,15.8,15.6,6.2,13.7,7,9,9.7,1.6,1.4,1.4,1,1.1,1.1,1.2,1.1,39.4,36953,1358,NA,1.1,13.6,17.4,15,6.4,13.5,6.4,9,11.5,1.2,1.4,1.5,0.9,1.2,0.8,1,1.3,40.4,38695,1518,29.8,1,12.5,17,15.5,6.4,13.8,6.5,9.1,12.3,1.4,1.3,1.4,0.7,1.2,0.9,0.8,1.2,41.7,20670,414,21058,432,21246,387,21473,473,21656,359,"Cupertino city, California",22865,23372,23380,23782,23928,0.0464902689700415,1063,2271,2309,2349,2379,2383,2385,2390,2400,2406,2421,2428,2437,2466,2479,2483,2495,2513,2536,2546,2539,2525,2509,2525,2549,2582,2576,2575,2590,2601,2611,2619,2641,2670,2704,2718,2732,2746,2758,2786,2840,2890,2921,2951,2973,3013,3058,3111,3154,3205,3240,3257,"Cupertino",1.78680273365349,1.72090532296372,1.68958862844771,1.60119669484282,1.5729075955491
617918,33.9,1.5,74489,3209,1599,43,"Daly City city, California",18149,1200,NA,2,20.7,16.6,11.9,4.4,10.8,3.1,7.5,10.6,2.5,2.2,2,1.2,1.7,1,1.5,1.9,32,17850,1067,NA,2.8,20.1,16.9,12.4,3.5,12.7,2.6,6.5,9.7,2.5,2.4,2.2,1,2.1,0.8,1.2,1.8,31.5,18442,1020,NA,2.3,19.9,18.2,13,3.3,14,2.8,5.7,10.6,2.1,2.5,2.1,1,2,0.8,1.1,1.8,33.1,18853,1055,NA,2.1,20.9,18.9,11.6,3.4,11.4,4,6.1,12.1,2.4,2.5,2,1.1,2,1,1.3,2.1,33.6,20209,1259,27.2,1.9,19.2,18.2,12.8,3.2,12.4,4.6,5.6,12.3,2.2,2,1.9,1,2.3,1.2,1.2,1.7,34.9,32569,755,32974,595,32583,645,32921,605,32549,594,"Daly City city, California",48853,49972,50343,51229,52660,0.0779276605326183,3807,1847,1892,1918,1965,1986,1967,1918,1877,1869,1872,1894,1923,1983,2001,2011,2026,2026,2027,2032,2043,2046,2057,2073,2104,2148,2174,2204,2228,2230,2234,2252,2284,2300,2297,2277,2224,2175,2120,2109,2141,2172,2226,2290,2346,2413,2483,2560,2632,2693,2725,2743,"Daly City",0.620879289686319,0.572673977096686,0.566000675198723,0.541335597743677,0.55724768952071
620956,37.9,3.1,52716,3651,1393,83,"East Palo Alto city, California",4690,478,NA,5.7,11.1,11,15.9,4.9,12.7,9.7,10.6,8.3,3.2,4,4.3,2.1,3.5,3.8,3.6,3.9,41.3,4322,504,NA,5.2,12.4,10.8,18.2,5,13.7,9.3,8.9,8.7,4,3.8,5.2,2.1,4.2,3.4,3.2,4,40.6,4631,564,NA,4.5,12.7,12.9,15.7,5,17.3,6.4,8.9,9.1,4.3,4.8,3.9,2.1,6.3,2.5,3,2.9,41.7,4313,636,NA,4.9,11.9,10.7,15.8,5.5,18.8,6.3,7.8,9.6,3.8,4.5,5.5,2.3,7,2.8,3,3.1,42.5,4383,517,27.7,4.5,13.5,9,13.7,7.1,17.3,5.5,7.4,12.1,4.1,3.7,3.4,2.7,7.3,1.9,3,3.8,42.3,8413,377,7813,324,7751,407,7754,426,7438,367,"East Palo Alto city, California",11910,12093,11982,11762,12695,0.0659109991603694,785,2147,2151,2141,2116,2064,2004,1942,1888,1876,1889,1925,1966,2004,2044,2074,2121,2146,2172,2159,2155,2111,2056,1992,1976,1986,1998,2009,2027,2052,2069,2118,2189,2274,2340,2374,2349,2293,2254,2276,2357,2452,2525,2578,2594,2611,2633,2668,2714,2749,2792,2793,"East Palo Alto",0.589271309491799,0.556229043074542,0.597471294026577,0.553180596441828,0.557470581243314
625338,25.9,1.3,114651,6497,NA,NA,"Foster City city, California",17523,969,30.3,1.5,12.7,11.2,11.9,4.6,13.8,10,15.2,10.3,2.2,1.7,2.1,1.1,1.9,1.6,2.4,1.7,49.3,18209,1009,30.8,1.4,12.7,11.4,12.3,5.1,14.3,10.2,14.1,11.1,1.9,1.7,2.2,1.4,2,1.8,1.9,1.8,49.7,19382,1130,32,1.3,12.5,11.2,11.3,5.5,13.3,10.1,14.3,13.6,1.9,1.6,1.6,1.3,1.8,1.6,2,1.6,51.3,19541,1017,32.3,1.2,12.1,11.5,11.6,5.1,13.4,9.9,14.9,14,1.7,1.4,1.6,1.1,1.9,1.8,2.3,1.7,52.2,19405,1029,33.1,1.3,12.4,11.6,10.6,5.2,15,10.5,13,15.4,1.3,1.5,1.5,1.2,1.9,2,1.8,1.4,53.9,12268,322,12092,350,12375,300,12606,282,12647,303,"Foster City city, California",13888,13561,13961,14342,14592,0.0506912442396313,704,1996,2018,2064,2128,2197,2238,2274,2312,2349,2355,2334,2311,2356,2413,2482,2531,2567,2604,2638,2644,2625,2592,2576,2569,2583,2575,2560,2543,2534,2562,2590,2642,2691,2756,2789,2807,2831,2856,2879,2895,2905,2918,2938,2956,2983,3006,3051,3106,3177,3220,3256,"Foster City",1.53435597374872,1.55013485641758,1.56622222222222,1.50587165067813,1.42835017932833
629504,34.9,3.2,81056,5281,1367,64,"Gilroy city, California",18516,1081,NA,2.7,16.7,14.9,9.6,6,15.1,6.6,6,7.9,2.3,2.5,1.7,1.5,2.4,1.2,1.6,1.6,35.6,18529,949,NA,2.2,17.4,14.9,11.2,5.4,13.8,5.7,5,7,2.3,2.4,1.9,1.2,1.7,1.3,1.3,1.6,31.5,18008,1089,NA,2.3,19,14.8,10.4,6.5,12.5,6,5.5,6.9,2.8,2.6,1.9,1.4,1.8,1.5,1.4,1.5,30.9,18098,1149,NA,2.3,17.5,15.6,12.5,6.8,11.5,5.9,5.4,5.6,2.2,2.6,2.7,1.2,1.6,1,1.4,1.2,28.4,18434,1032,22.9,2.5,18.3,13.6,12.7,6.2,11.7,6.5,5.7,6.7,2.2,2.2,2.6,1.3,1.8,1.7,1.2,1.5,30.6,14772,477,15041,482,15043,501,15024,431,15376,390,"Gilroy city, California",20093,20954,20990,21417,22124,0.101079978101827,2031,1764,1774,1785,1798,1812,1820,1810,1795,1775,1756,1750,1758,1789,1800,1811,1831,1853,1891,1937,1981,2000,2010,2014,2024,2049,2069,2069,2059,2038,2022,2020,2030,2041,2044,2030,2005,1978,1964,1979,2015,2043,2065,2084,2102,2132,2176,2233,2292,2345,2380,2406,"Gilroy",1.1988813735692,1.20460596379127,1.19710164195972,1.23189947476896,1.25345247766044
631708,28.2,4.4,103239,5268,1852,164,"Half Moon Bay city, California",5543,535,NA,5.3,18.8,7.2,8.3,7.3,14.9,4.6,5.2,9.7,5.3,3,2.7,2.7,4.4,2,2.3,3.4,34.4,5642,619,NA,5.5,20.9,9.5,5.6,6.4,16,4.1,4.7,9.4,4.9,3.9,2.1,2.5,4.2,2.2,2.1,3.2,34.2,5389,555,NA,4.1,22.4,10.5,7.2,6.5,15.9,4.7,5,8.2,5.5,3.7,1.9,2.7,3.9,2.3,2,2.5,33.8,5134,577,NA,4.2,23.3,11.6,8.2,7.2,14.6,4.8,5.3,6.5,6.7,4,2.7,2.8,3.6,2.6,2.4,2.4,31.2,5330,690,NA,4.2,22.4,13.7,9.6,4.6,14.3,5,4.5,7.5,7.5,3.7,3.1,1.8,3.9,2.4,1.9,2.7,31.3,4245,313,4491,279,4540,285,4779,333,4906,268,"Half Moon Bay city, California",5180,5194,5365,5481,5716,0.103474903474903,536,2202,2238,2269,2273,2225,2155,2089,2055,2063,2085,2130,2158,2196,2199,2191,2199,2226,2270,2283,2294,2272,2263,2246,2248,2268,2277,2307,2314,2332,2329,2349,2377,2412,2442,2444,2433,2393,2382,2403,2456,2493,2534,2575,2608,2648,2690,2745,2800,2862,2905,2926,"Half Moon Bay",1.08642478597636,1.07428332287089,1.18700440528634,1.25629035849477,1.3057714958775
644112,26.3,2.7,122860,10805,1779,60,"Los Gatos town, California",17112,904,23,2.3,14.8,16.9,18.5,5.4,13.5,4.7,5.2,5.8,1.7,1.9,2.3,1.1,1.7,1.2,1.1,1.2,29.2,16907,903,22.7,2,15.9,17.3,17.2,5.6,14,5,5.1,5.4,2,2.2,2.2,1.3,2.3,1.2,1.2,1.1,29.5,16705,944,22.6,1.8,15.9,18.4,17.3,6.3,14.9,5.2,5.2,4.4,2.3,2,2.7,1.3,2.1,1.4,1.3,1.3,29.7,17261,858,23.3,1.8,14.1,19.4,17.7,6.8,14.6,5.4,6,4.6,2.1,2.1,2,1.3,1.8,1.2,1.4,1.2,30.6,18124,1010,NA,1.8,13,17.6,18,7.2,15.5,6.3,6.6,5.2,2,2.2,2.2,1.3,1.7,1.5,1.2,1.3,33.6,12819,408,12632,382,12898,412,13102,395,13068,335,"Los Gatos town, California",12303,12051,12002,12409,12702,0.0324311143623506,399,2380,2404,2429,2450,2459,2462,2462,2469,2467,2462,2464,2485,2529,2551,2562,2567,2573,2577,2575,2572,2574,2588,2603,2623,2655,2689,2711,2722,2724,2726,2725,2725,2732,2754,2775,2789,2789,2775,2794,2836,2899,2969,3036,3090,3145,3195,3250,3279,3316,3351,3388,"Los Gatos",1.38689929599021,1.3174324530606,1.29516204062645,1.33842621912603,1.33489351743506
646870,26.1,1.8,115650,6022,1831,64,"Menlo Park city, California",30887,1372,29.9,1.4,10,13.5,16.1,7.3,16.1,8.7,9.2,11.3,1.1,1.4,1.7,1.2,1.6,1,1.1,1.5,45.3,29929,1453,30.4,1.1,11.2,12.7,16.5,7.1,16.1,8.3,10.4,11.5,1.3,1.5,1.5,1.1,1.6,1.1,1.2,1.4,46.3,30004,1261,31.1,0.9,10.6,12.1,15.3,8.1,16.2,7.7,10.8,12.8,1.3,1.4,1.8,1.2,1.8,1.1,1.4,1.8,47.5,30945,1400,31.8,0.9,10.8,11.9,15.3,8.2,15.2,8.6,10.9,13.7,1.2,1.3,1.5,1.2,1.4,1.2,1.3,1.5,48.4,31552,1149,33.4,0.8,9.6,11,15.6,7.8,15.6,8.1,11.4,15.4,1.2,1.1,1.4,1.1,1.2,0.9,1.4,1.2,50.5,13313,397,13420,368,13209,352,13172,431,13046,360,"Menlo Park city, California",14284,14165,14458,14361,14195,-0.00623074768972277,-89,2783,2755,2734,2711,2638,2564,2531,2560,2562,2513,2459,2452,2483,2524,2542,2535,2513,2511,2504,2525,2522,2523,2512,2503,2506,2566,2666,2766,2854,2897,2903,2881,2860,2858,2852,2863,2855,2846,2840,2832,2870,2907,2959,2985,3021,3066,3124,3171,3188,3197,3195,"Menlo Park",2.41851908630998,2.34930154873975,2.27148156559921,2.23017883755589,2.32006309622174
647486,30.6,2.8,91846,5300,1779,93,"Millbrae city, California",5966,623,NA,2.8,11.8,16.2,16.2,6.2,16.1,3.8,8.3,9.9,3.3,4.6,4.1,1.9,3.8,1.7,2.9,2.8,38.1,6026,623,NA,3.2,15.1,17.2,14.6,6.6,15.5,4,9.1,7.1,3.8,3.7,3.8,2.7,3.7,1.8,2.9,1.8,35.7,5743,555,NA,2.8,16.1,13.1,18.6,6.4,13.9,6,6.7,9.5,4.4,3.9,4,2.4,3.9,2.7,2.6,3.2,36.1,6295,630,28.5,1.9,16.2,11.1,15.6,7.4,14,9.2,7.4,10.9,4.7,2.5,3.9,3.1,3.2,3.5,2.7,3,41.5,6128,715,27.8,2,18.4,10.2,15.5,7.7,14.8,8.8,6.4,10.6,4.5,2.5,3.1,3.6,3.5,3.3,2.3,3,40.6,8537,335,8464,319,8299,222,8325,317,8472,281,"Millbrae city, California",9240,9309,9575,9468,9823,0.0630952380952381,583,2187,2217,2253,2294,2301,2279,2235,2223,2234,2266,2288,2314,2360,2389,2413,2425,2425,2429,2452,2462,2459,2429,2410,2390,2395,2403,2420,2452,2469,2484,2508,2537,2596,2648,2690,2705,2701,2681,2681,2709,2745,2777,2791,2805,2815,2846,2878,2914,2950,2978,2990,"Millbrae",0.723323890462701,0.756156156156156,0.692011085672973,0.71195652173913,0.698840342040529
647766,29,1.1,99072,3723,1803,60,"Milpitas city, California",39791,1405,27.8,0.9,11.7,17,18.3,7.3,16.6,6.9,6.4,9.8,1.3,1.5,1.4,1,1.2,1.1,0.9,1.1,39.7,40307,1627,27.8,0.8,11.8,16.7,17.5,7.4,17.1,6.9,7.4,9.1,1.1,1.3,1.5,1.1,1.2,0.9,1,1.1,40.5,41669,1411,28.3,0.8,11.5,16.3,17.5,7.8,16.9,6.9,7.3,10,1.2,1.2,1.4,0.9,1.2,1.1,1,1,41.1,42996,1354,29,0.7,10.6,15.5,18.5,7.4,17.4,6.9,7.4,10.7,1.1,1.2,1.3,1,1.5,0.9,0.8,1,42.4,44165,1505,29.7,0.7,10,15.6,16.8,7.8,16.7,7.5,8.1,11.1,0.9,1.2,1.1,0.9,1.2,0.8,1,1,43.4,19832,549,19933,390,20118,467,20744,401,20624,424,"Milpitas city, California",29153,28221,28526,28721,30138,0.0337872603162625,985,1998,1996,1986,1977,1980,1982,1990,2011,2036,2074,2102,2119,2121,2129,2143,2155,2160,2178,2196,2215,2224,2233,2248,2274,2288,2301,2297,2297,2295,2298,2302,2303,2301,2300,2303,2315,2325,2347,2371,2401,2434,2470,2503,2523,2545,2554,2572,2587,2616,2655,2711,"Milpitas",2.1414371605896,2.07269571924412,2.07122974450741,2.02212411578789,2.00640379185155
649670,25.4,1,100028,4474,1688,30,"Mountain View city, California",62133,1609,29.1,0.8,12.3,15.7,14.4,5.7,14.9,8.3,9.5,11.2,1.1,1.1,1.1,0.6,1.1,0.7,0.8,1.2,43.9,65264,1500,29.3,0.7,11.8,15.8,13.9,5.4,15.1,8.6,9.6,11.7,0.9,1.2,1.1,0.6,1.1,0.8,0.9,1,45,66388,1865,30.2,0.8,11.6,14.6,13.9,5.5,14.8,8.5,10.4,12.9,1,1,0.9,0.7,1.1,0.8,0.9,1.1,46.6,69097,1569,31.5,0.7,9.9,14.5,15,5.5,14.7,8.4,10.5,14.6,0.9,1.1,1,0.7,1.1,0.9,0.8,1.1,48.2,72339,2005,32.3,0.6,9.4,12.9,14.9,5.6,15.1,8.7,10.8,15.7,0.8,1,1,0.5,1,0.8,0.9,1,50.3,32646,679,33039,682,32955,704,33468,576,34070,585,"Mountain View city, California",37706,38229,39003,39666,40464,0.0731448575823476,2758,2232,2261,2279,2291,2299,2304,2312,2335,2357,2382,2400,2421,2448,2452,2455,2474,2500,2520,2520,2521,2524,2526,2517,2499,2489,2480,2505,2546,2594,2630,2654,2642,2619,2592,2589,2624,2693,2770,2829,2878,2907,2938,2976,3017,3081,3155,3242,3295,3337,3350,3357,"Mountain View",2.12324625770473,2.06456914067169,2.01450462752238,1.97536245043736,1.90323469950377
654806,28.3,1.8,96875,4897,1806,74,"Pacifica city, California",6434,549,NA,3.9,17.9,15.6,13,3.2,10.5,2.9,7.3,9.9,4,3.6,3.5,1.6,3.7,1.6,2.8,3,30.6,6434,503,NA,3.6,18.1,13.9,11.3,5,10.7,2.5,7.8,9.7,3.6,3.5,3.1,2.1,3,1.4,2.4,2.8,30.7,6779,617,NA,3.2,17.1,15.1,15.1,3.9,11.8,2.3,7,10.6,3.8,3.6,3.5,2.1,3.7,1.3,2.5,3.2,31.7,6478,542,NA,3.4,18.6,15.9,14.3,4.7,9.3,2.4,7.7,9.3,3.9,3.2,3.6,2,2.9,1.4,2.6,3.2,28.7,6675,528,23.1,3.3,16.8,13.2,14.5,6.4,12.4,3.3,6.8,7.7,3.7,3.2,3.4,2.7,3.6,1.6,2.4,2.6,30.2,14506,288,14710,335,14456,342,14505,439,14747,405,"Pacifica city, California",18902,18623,18104,18569,18887,-0.000793566818326103,-15,2321,2387,2440,2443,2356,2248,2154,2101,2086,2109,2159,2208,2258,2263,2278,2304,2349,2382,2407,2411,2399,2361,2329,2291,2299,2302,2337,2373,2401,2407,2429,2469,2502,2511,2508,2508,2489,2441,2367,2351,2377,2455,2514,2559,2606,2674,2743,2803,2854,2892,2928,"Pacifica",0.452634434122194,0.446604619096863,0.468940232429441,0.437389530931339,0.443540603888046
655282,26.5,1.4,126771,7054,NA,NA,"Palo Alto city, California",80715,2147,31.7,0.6,9.5,14.6,14.3,7.1,16.8,9.1,11.9,11.7,0.7,0.8,1,0.7,0.9,0.6,0.8,0.8,49.5,84001,2248,31.8,0.6,9.5,13.6,14.3,7.4,17,9,12.2,11.8,0.8,0.9,0.9,0.7,0.9,0.7,0.9,0.8,50,86267,2167,32.3,0.7,9.5,12.9,13.8,7.4,17,9.3,12.2,12.7,0.7,0.9,0.9,0.6,0.9,0.7,0.8,0.9,51.2,87230,1964,32.8,0.6,8.8,12.1,14.2,7.4,16.7,9.3,13,13.2,0.7,0.8,0.9,0.6,0.9,0.7,0.9,0.8,52.2,88541,1952,33.5,0.7,8.4,11.5,13.6,7.2,16.3,9.3,13.4,14.6,0.6,0.8,0.8,0.6,0.9,0.7,0.8,0.8,53.6,26990,459,27268,513,27774,478,27789,497,27983,548,"Palo Alto city, California",26682,27168,27687,27593,28705,0.0758189041301252,2023,2575,2573,2589,2621,2632,2615,2594,2599,2623,2684,2748,2838,2903,2960,2947,2877,2823,2865,2970,3086,3139,3155,3121,3086,3051,3020,2978,2956,2996,3038,3049,2995,2944,2893,2876,2874,2916,3014,3171,3330,3441,3494,3530,3577,3663,3755,3853,3914,3964,4005,4057,"Palo Alto",3.16409963191938,3.13901183921696,3.10603442068121,3.08057063224292,2.99055205631715
660102,32.1,1.7,81955,3540,1588,50,"Redwood City city, California",53515,1485,29.8,1,12.6,13.1,13.6,6.5,14.4,9.8,12.8,9.6,1,1.1,1.1,0.7,1.2,1.1,1.1,0.9,46.6,53391,1585,29.7,0.9,12.1,14.1,12.6,6.4,15.1,9.6,12.1,10,1,1,1,0.8,1.2,1,1,0.9,46.8,53807,1664,30.3,0.8,11.2,14.3,12.7,6.5,15.9,9.4,11.3,11.2,1,1.3,1,0.8,1.3,0.8,0.9,1,47.8,54555,1791,31.3,1,10.8,13.2,12.6,6.2,14.8,10.1,12.4,12.2,1,1.3,1,0.8,1.2,1.2,1.2,1.1,49.5,55603,1633,31.8,0.9,10.7,12.9,13,6,14.6,9.1,12,13.6,0.9,1.1,1,0.9,1,0.8,1.1,1,49.3,29247,698,29270,599,29293,831,29005,710,29360,662,"Redwood City city, California",35150,35290,36282,37016,38128,0.0847226173541963,2978,2365,2420,2412,2398,2330,2232,2147,2114,2130,2157,2193,2239,2307,2369,2424,2472,2489,2516,2527,2527,2469,2410,2359,2340,2320,2294,2296,2317,2350,2389,2433,2487,2543,2592,2612,2616,2609,2596,2609,2647,2698,2744,2778,2807,2861,2927,2996,3035,3050,3046,3044,"Redwood City",1.89383514986376,1.88088260644716,1.83685522138395,1.82408609497779,1.8297603172975
665028,29.4,1.9,81420,3511,1685,61,"San Bruno city, California",11407,730,28.3,2.1,14.6,14.5,12.5,5.2,11.5,6.6,11.1,11.5,2.3,2.2,2.4,1.7,2.4,1.9,2.7,2.1,40.7,11934,839,29.2,1.9,13.1,16.3,12.4,5.6,11.2,6.7,11.3,12.5,2.3,2.5,2.3,1.6,2.4,1.9,2.6,2.7,41.7,12313,748,28.5,2.2,13.9,15.4,12.7,6.7,12.5,6.2,9.9,11.5,1.9,2.1,2.6,1.7,2.3,1.8,2.1,1.8,40.1,13515,871,28.4,2.2,14.4,14.3,13.5,6.2,13.1,5.3,10.6,11.3,2.6,2.2,2.3,1.5,2.2,1.2,2.2,2.1,40.3,15088,984,29.7,1.8,12.7,14.2,14.6,6.5,12.7,5.4,9.8,13.8,1.9,2.3,2.3,1.5,2.1,1.3,1.9,1.9,41.7,15655,414,15493,549,15472,430,15550,477,15261,388,"San Bruno city, California",20237,20655,21589,21270,21778,0.0761476503434304,1541,1697,1702,1696,1693,1690,1691,1687,1665,1630,1683,1741,1819,1820,1849,1865,1850,1802,1746,1706,1705,1722,1747,1771,1782,1773,1743,1746,1784,1832,1866,1884,1894,1913,1902,1889,1843,1800,1765,1754,1779,1826,1887,1950,1979,2023,2046,2089,2135,2201,2285,2330,"San Bruno",0.988663914553437,0.869131832797428,0.795824715615305,0.770283353772672,0.728648993931651
665070,28.1,2.2,125747,7815,1668,81,"San Carlos city, California",14964,842,26.9,2.2,17.9,14.7,12.5,4.7,14.5,5.5,8.9,9.7,2.3,2,2.1,1.2,1.8,1.1,1.7,1.5,38.6,14040,856,26.5,1.8,18,14.6,12.8,5.3,15.3,5.2,7.9,9.6,2.6,2.2,2.3,1.1,2.4,1.2,1.7,2,38,13810,764,NA,1.8,16.4,14.8,13.6,6.2,16,5.4,7.6,9,2.1,2.1,2.4,1.2,2.2,1.4,1.6,1.8,38,14445,842,26.5,2,17.3,14.3,14.2,6,14,6.5,6.7,9.6,2.3,2.1,2.3,1.4,2.2,1.4,1.5,1.7,36.8,15397,929,28.6,1.6,17,12.6,14.5,6.3,13,8,6.9,11.7,2.3,2,2.6,1.4,2.3,1.8,1.6,2,39.6,11657,295,11602,244,11600,286,11745,343,11985,266,"San Carlos city, California",13027,13071,13519,13191,13722,0.0533507330928072,695,2172,2196,2232,2270,2290,2273,2255,2262,2287,2288,2266,2263,2312,2358,2396,2423,2427,2438,2442,2447,2437,2425,2417,2410,2426,2419,2409,2395,2387,2399,2428,2466,2500,2536,2566,2590,2598,2607,2630,2678,2723,2767,2808,2834,2874,2926,2981,3012,3047,3069,3095,"San Carlos",1.28468919482687,1.22988505747126,1.19051724137931,1.21013618341665,1.28369220211032
668000,31.8,0.5,83787,816,1528,18,"San Jose city, California",383957,4328,26.6,0.3,13.1,18.2,18.9,6.2,14.5,5.7,6.2,9,0.4,0.5,0.5,0.2,0.4,0.3,0.3,0.4,35.4,382897,4531,26.5,0.3,12.9,18.4,18.6,6.3,14.5,5.5,6.5,9,0.4,0.5,0.4,0.3,0.5,0.3,0.3,0.4,35.5,385880,4526,26.5,0.4,12.9,18.4,18.4,6.6,14.4,5.5,6.7,8.9,0.4,0.5,0.5,0.3,0.5,0.3,0.3,0.4,35.5,387794,4198,27,0.3,12.6,18.1,18.6,6.7,14.6,5.6,6.9,9.2,0.5,0.5,0.5,0.3,0.4,0.3,0.3,0.4,36.3,396510,4049,27.6,0.3,12,17.7,18.4,6.8,14.8,5.8,7.2,9.8,0.4,0.5,0.4,0.2,0.4,0.3,0.3,0.4,37.6,313944,1625,315255,1352,317592,1418,319700,1494,322187,1371,"San Jose city, California",418050,421762,425224,430144,444494,0.063255591436431,26444,1821,1824,1831,1835,1833,1836,1842,1849,1860,1878,1898,1914,1926,1935,1948,1970,1991,2016,2045,2077,2097,2113,2124,2142,2161,2183,2193,2207,2213,2217,2217,2214,2207,2199,2196,2199,2206,2214,2230,2258,2285,2306,2324,2336,2361,2391,2433,2467,2503,2536,2563,"San Jose",1.23068280222355,1.21299343134188,1.21501801052923,1.21456281422975,1.2230111102617
668252,29.3,0.8,90087,2936,1710,36,"San Mateo city, California",47764,1553,26.9,1.3,14.9,13.5,13.3,5.9,14.7,7,8.9,9.1,1.1,1.8,1.3,0.7,1.3,0.7,0.8,1.3,39.7,49739,1688,27.4,1.2,14.7,13.5,13.8,5.7,14.4,7.3,8.9,9.8,1.3,1.8,1.2,0.7,1.4,0.8,0.9,1.1,40.4,51496,1663,27.7,1,14.8,13.1,14.4,5.7,15,7.9,9.1,9.1,1.3,1.7,1.2,0.7,1.4,0.9,0.9,0.9,41.1,51834,1483,28.5,1,14.8,12.1,14.5,5.7,15,7.6,10.5,9.5,1,1.1,1.1,0.8,1.3,0.8,1.1,0.8,42.6,53841,1477,29.1,1,15,11.6,15,5.6,14.8,7.7,10.4,10.5,1.2,1.1,1.3,0.8,1.3,0.9,0.8,1.1,43.4,39975,746,39675,744,39203,668,40137,680,40043,665,"San Mateo city, California",47731,47965,48828,48969,50122,0.0500932308143555,2391,1926,1944,1988,2050,2096,2090,2057,2031,2033,2050,2068,2084,2131,2168,2196,2218,2221,2236,2255,2271,2260,2229,2208,2206,2231,2240,2254,2276,2294,2311,2344,2387,2434,2483,2528,2559,2569,2558,2542,2549,2555,2589,2633,2674,2711,2752,2786,2812,2839,2865,2891,"San Mateo",1.34457957695477,1.29142686299424,1.31357294084636,1.25366099558916,1.19484677923702
669084,27.4,1.1,93840,3578,1686,31,"Santa Clara city, California",99946,2224,28.4,0.7,10.9,16.5,17.9,6.9,15.9,7,8.3,9.8,0.8,0.9,0.7,0.6,0.9,0.5,0.6,0.8,41,100527,2541,28.3,0.7,11.1,16.6,17.9,6.8,16.3,6.9,8,9.8,0.8,1,1,0.5,0.9,0.5,0.5,0.8,41,100610,2645,28.6,0.6,10.8,15.9,17.9,6.9,16.8,7.1,8.2,10,0.8,0.8,1.1,0.6,1,0.6,0.7,0.7,42.1,101069,2261,29.3,0.7,10.6,14.9,17.9,6.8,17.1,7.5,8.5,10.4,0.7,0.7,0.9,0.6,0.9,0.6,0.6,0.6,43.5,104912,2227,29.9,0.5,9.8,14.9,18.1,6.9,17,7.7,8.7,11.2,0.8,0.9,0.9,0.6,0.7,0.5,0.5,0.7,44.6,44598,968,44706,790,44296,978,44632,887,44996,912,"Santa Clara city, California",53262,53359,53688,53787,55180,0.0360106642634524,1918,2061,2064,2059,2042,2032,2027,2022,2039,2067,2108,2141,2168,2181,2196,2214,2238,2251,2258,2273,2293,2313,2321,2326,2332,2339,2355,2365,2385,2396,2405,2414,2413,2411,2401,2400,2409,2423,2447,2480,2522,2558,2598,2634,2658,2677,2706,2753,2791,2820,2843,2867,"Santa Clara",2.33158502978042,2.26449632550636,2.27131117933899,2.24862434572541,2.24104219920176
673262,31.6,1.8,78101,3294,1521,70,"South San Francisco city, California",43907,1624,29.6,0.9,13.4,18.2,14.6,4.8,14.1,5.8,8.5,13.2,1.3,1.6,1.2,0.7,1.2,0.7,1,1.3,41.6,43411,1751,30,1.1,13.6,18.1,13.4,5,13.9,6,9.2,13.6,1.2,1.5,1,0.8,1.3,0.9,1.1,1.3,42.7,44728,1395,29.8,1.1,12.8,19.5,12.8,5.6,13.4,6.2,8.3,14.1,1.3,1.6,1.2,0.7,1.2,1,0.9,1.2,42,45759,1679,30,0.9,13,18.1,13.8,5.6,13.7,6.5,8.6,13.6,1.2,1.6,1.1,0.7,1.4,0.9,1,1.1,42.4,47359,1604,30.8,1.2,11.7,16.8,14.2,6.3,13.8,7.1,8.7,14.5,1.3,1.5,1.2,0.9,1.2,1,0.9,1,44.1,21576,481,21923,495,22326,518,21787,528,22517,619,"South San Francisco city, California",29905,30207,30311,30920,31761,0.0620632001337569,1856,1910,1929,1934,1958,1976,1985,1976,1965,1975,1996,2020,2027,2044,2049,2068,2094,2104,2109,2120,2139,2147,2146,2148,2165,2202,2232,2268,2291,2305,2308,2326,2344,2352,2354,2351,2364,2362,2353,2349,2396,2420,2456,2484,2524,2561,2600,2643,2681,2719,2746,2764,"South San Francisco",2.10325531820402,2.1002891632625,2.00340410283974,1.98015782511518,2.03499258435298
677000,23.2,0.7,103257,2027,1692,24,"Sunnyvale city, California",84454,2033,29.3,0.7,11.9,14.7,15.8,7.4,15.3,8.8,10.1,9.9,0.8,0.8,0.8,0.7,0.9,0.7,0.8,0.7,44.1,85076,2343,29.4,0.6,11.6,14.2,16,7.5,16.2,8.7,9.8,10,1,0.9,0.9,0.6,0.8,0.7,0.6,0.7,44.7,86502,2204,29.7,0.6,11,14.9,16.2,6.9,16.1,8.6,9.7,10.7,0.7,0.9,1,0.6,0.9,0.7,0.7,0.7,45.1,86804,2055,30.3,0.6,10.1,14,16.5,7.1,16.9,8,10.1,11.6,0.8,0.9,0.9,0.5,1,0.6,0.8,0.8,46.6,89296,1977,31,0.5,9.4,13.4,17.1,7.4,16.7,7.4,10.8,12.6,0.7,0.9,1.1,0.6,0.9,0.5,0.6,0.8,47.5,55838,689,55542,749,56134,886,56168,882,56620,852,"Sunnyvale city, California",66382,67265,68470,67955,69494,0.046880178361604,3112,2219,2255,2268,2268,2261,2262,2268,2283,2304,2334,2362,2386,2404,2405,2410,2416,2416,2414,2420,2434,2446,2450,2457,2469,2483,2485,2486,2499,2512,2527,2535,2535,2530,2526,2535,2549,2575,2593,2638,2695,2763,2818,2859,2881,2904,2937,2978,3018,3064,3107,3142,"Sunnyvale",1.577110561639,1.54543512320182,1.54099119962946,1.53174174498578,1.51248253877288
